Actor1Geo_CountryCode,MonthYear,NumMentions,goldstein * num_mentions,avgtone * num_mentions,avg_goldstein,avg_avgtone
AE,201705.0,73916.0,107106.0,23181.924721805473,1.4490232155419664,0.3136252600493191
AF,201705.0,237120.0,-331068.8,-978934.8860983211,-1.3962078272604588,-4.128436597918021
AL,201705.0,23071.0,12505.099999999999,-57442.17039377698,0.5420267868752979,-2.489799765670191
AR,201705.0,27743.0,29108.4,-40456.27023333434,1.0492160184551058,-1.4582514592269884
AS,201705.0,793446.0,659511.9,-870717.0604256358,0.831199476712971,-1.0973866657915419
BA,201705.0,39112.0,-11227.599999999997,-117939.15104807561,-0.28706279402740836,-3.0154211251809064
BE,201705.0,128011.0,191051.40000000002,-165030.16691881287,1.4924608041496437,-1.2891873895119395
BR,201705.0,107863.0,-4025.100000000004,-317304.77730546653,-0.03731678147279423,-2.9417388474775086
CA,201705.0,615131.0,747100.3,-514259.04406587774,1.214538529191343,-0.8360154894906576
CB,201705.0,47493.0,23362.199999999997,-83594.24923417332,0.4919082812203903,-1.760138320050814
CH,201705.0,690021.0,934288.7,-484928.3228377391,1.3540003854955138,-0.7027732820272703
CO,201705.0,52780.0,30021.4,-126813.63243360868,0.5688025767336112,-2.402683448912631
CU,201705.0,46435.0,65941.5,-22779.969744469283,1.4200818348228708,-0.4905775760626528
DJ,201705.0,6643.0,10602.7,-427.4612339203893,1.596071052235436,-0.06434761913599116
EG,201705.0,167127.0,-131753.5,-638977.0404454378,-0.7883435949906359,-3.823302281770377
EI,201705.0,193843.0,183750.6,-182932.80986757693,0.9479351846597505,-0.9437163574004578
FR,201705.0,424475.0,329251.89999999997,-559961.2817384831,0.7756685317156486,-1.3191855391683447
GH,201705.0,156847.0,144427.0,-131394.38580029947,0.920814551760633,-0.8377232959527403
GM,201705.0,324235.0,321613.89999999997,-577478.5985897868,0.9919160485450367,-1.7810495430468234
GQ,201705.0,12461.0,10729.6,-22333.980127374398,0.8610544900088276,-1.7923104186962842
GR,201705.0,91389.0,74717.8,-191673.93604930467,0.8175797962555669,-2.09734143112743
GT,201705.0,13896.0,-5979.9,-46858.28434006302,-0.43033246977547496,-3.3720699726585366
GV,201705.0,9931.0,13841.999999999998,-10650.730316558353,1.3938173396435403,-1.072473096018362
GY,201705.0,20344.0,23838.6,-28279.98135420207,1.1717754620526937,-1.3900895278314034
HA,201705.0,23294.0,45319.3,-13541.937273694408,1.9455353309865202,-0.5813487281572254
HK,201705.0,32220.0,28749.999999999996,-33564.53946197444,0.8923029174425822,-1.0417299646795295
HR,201705.0,12917.0,16243.399999999998,-9195.928271336395,1.2575210962297745,-0.7119244616657425
ID,201705.0,145741.0,-13146.5,-424355.06223954743,-0.09020454093220165,-2.911706810297359
IN,201705.0,1028198.0,88732.9,-2429529.9747420163,0.08629942870925639,-2.362900895296447
IR,201705.0,260742.0,133755.4,-690405.5510320407,0.5129798804948953,-2.6478494106512978
IS,201705.0,498989.0,105485.20000000001,-1216325.0947458937,0.21139784644551285,-2.4375789741775744
IT,201705.0,217858.0,334641.30000000005,-237553.1389848466,1.5360523827447239,-1.0904035609656133
IZ,201705.0,183912.0,-313003.79999999993,-734008.2958355816,-1.701921571186219,-3.991084300293519
JA,201705.0,224894.0,290455.7,-148161.29147813824,1.291522672903679,-0.6588049991468792
JE,201705.0,27720.0,18733.3,-49873.07977114768,0.6758044733044732,-1.7991731519173044
KE,201705.0,137463.0,58625.7,-246237.12305131883,0.4264834901027913,-1.7912974622357931
KN,201705.0,200495.0,-116331.6,-597973.4528853938,-0.5802219506720866,-2.9824856125359425
KS,201705.0,183126.0,77418.00000000001,-336681.51778794447,0.42275810097965344,-1.8385238458107775
KU,201705.0,22943.0,34642.5,-23184.46262931742,1.5099376716209738,-1.0105244575390062
LE,201705.0,52970.0,-6721.400000000001,-139542.0185276289,-0.12689069284500662,-2.634359420948252
LI,201705.0,34342.0,49179.2,-310.80356781487126,1.4320423970648184,-0.009050246573142835
LY,201705.0,87264.0,-67272.50000000001,-417758.9236133797,-0.7709078199486618,-4.787299729709614
MT,201705.0,36832.0,40349.5,-42451.94969581014,1.0955011946133797,-1.1525833431746888
MX,201705.0,178096.0,-10123.900000000001,-445161.5170832692,-0.056845184619531045,-2.4995593224062818
MY,201705.0,139201.0,91276.5,-222599.95689156328,0.6557172721460335,-1.5991261333723412
NG,201705.0,14303.0,6337.099999999999,-37201.16572904431,0.44306089631545825,-2.6009344703240096
NI,201705.0,589378.0,283859.20000000007,-1155874.1281126584,0.48162503520660777,-1.961176236833846
NZ,201705.0,119737.0,191482.49999999994,-21452.749797265536,1.5991923966693666,-0.17916558622034573
OS,201705.0,8935.0,8313.2,-11646.820298475743,0.9304085058757695,-1.3035053495775872
PE,201705.0,36695.0,44882.399999999994,-91188.6521502293,1.2231203161193622,-2.485042979976272
PL,201705.0,60887.0,48796.6,-100484.59486436468,0.8014288764432473,-1.650345638056805
PM,201705.0,28890.0,10361.000000000002,-83593.299370504,0.3586362062997578,-2.893502920405123
QA,201705.0,52087.0,84934.5,-3521.7736423563756,1.6306276038166914,-0.06761329395734782
RB,201705.0,11384.0,2901.899999999999,-20033.299893032832,0.2549104005621925,-1.7597768704350696
RP,201705.0,367970.0,-80839.70000000001,-986006.7557689555,-0.2196910074190831,-2.679584628553837
RS,201705.0,712624.0,419296.5,-1715361.2376909251,0.5883839163429803,-2.4071056232893153
SA,201705.0,284801.0,345551.70000000007,-509141.3769942711,1.213309293155572,-1.7877092320401653
SN,201705.0,68141.0,105599.09999999998,-16584.698278320462,1.5497145624513873,-0.24338794966790128
SP,201705.0,115647.0,108761.59999999999,-109871.57845368356,0.9404619229206118,-0.9500599103624267
SY,201705.0,310447.0,-303165.0,-1258745.9289499524,-0.9765435001787744,-4.0546242319943575
SZ,201705.0,89409.0,99881.7,-119030.83261989344,1.117132503439251,-1.3313070565591096
TH,201705.0,100019.0,12228.700000000003,-255030.1186894147,0.12226376988372212,-2.5498167217170207
TS,201705.0,21425.0,-15002.999999999998,-92034.76201163209,-0.7002567094515751,-4.295671505793797
TU,201705.0,283751.0,66396.79999999999,-839714.6773378957,0.23399670838164444,-2.9593364511064126
TW,201705.0,59720.0,59200.7,-18463.089281419856,0.9913044206296048,-0.3091609055830518
UK,201705.0,1272884.0,648997.7999999999,-2347885.6291176775,0.5098640567404413,-1.8445401380783146
US,201705.0,7676910.0,3758374.3,-14836646.105751812,0.4895686285237159,-1.9326325443116843
VE,201705.0,83135.0,-118817.70000000001,-484228.6345239205,-1.4292139291513803,-5.8246061769882775
VM,201705.0,109292.0,155079.5,-28618.59861380245,1.4189464919664752,-0.26185446888887065
WE,201705.0,32690.0,-21779.6,-122295.85300294663,-0.6662465585806057,-3.7410784032715396
YM,201705.0,56026.0,-57155.30000000001,-239575.53544244592,-1.0201567129546998,-4.276149206483524
nan,201705.0,4180797.0,3032441.0,-7728560.822478886,0.7253260562519539,-1.8485855262713988
AG,201705.0,17971.0,10626.6,-45462.84781056923,0.5913193478381837,-2.529789539289368
AO,201705.0,16248.0,24257.9,-15401.22333648955,1.4929775972427377,-0.9478842526150634
AQ,201705.0,643.0,1307.5,-21.539007371462603,2.0334370139968896,-0.033497678649241996
AY,201705.0,3783.0,3667.2000000000003,-3405.653220892015,0.969389373513085,-0.9002519748591105
BG,201705.0,124555.0,-4240.899999999997,-348115.00632496254,-0.03404841234795871,-2.794869787041568
BP,201705.0,3851.0,3808.7999999999997,-4106.833204045591,0.9890418073227732,-1.0664329275631241
BT,201705.0,8806.0,19939.600000000002,8517.134195080633,2.264319781966841,0.9671967062321863
CE,201705.0,103261.0,133226.19999999998,-161774.18989361485,1.2901889387087089,-1.5666533337234276
CF,201705.0,17364.0,-3153.8999999999996,-76840.43679258694,-0.18163441603317207,-4.42527279386011
CS,201705.0,12722.0,14574.699999999999,-6278.914698890775,1.1456296179845935,-0.49354776755940694
CY,201705.0,25195.0,29546.8,-13693.835348693197,1.1727247469736057,-0.5435140047109822
ES,201705.0,10993.0,-8755.899999999998,-38526.07759584335,-0.7964977713090147,-3.5046008910982764
ET,201705.0,47519.0,57093.1,-62778.688329492565,1.2014794082367053,-1.321128145152309
FI,201705.0,25481.0,49277.40000000001,-7716.776220390311,1.9338879949766496,-0.30284432402143996
GA,201705.0,21986.0,18972.699999999997,-32366.98681887915,0.862944601109797,-1.4721635049067203
GZ,201705.0,6073.0,-9401.8,-26595.940318351644,-1.548131071957846,-4.379374332019042
HU,201705.0,36736.0,35572.3,-86830.40127320102,0.9683226263066202,-2.3636324388393133
IC,201705.0,14168.0,21934.600000000002,-4451.185001515626,1.5481789949181255,-0.3141717251210916
JM,201705.0,39906.0,31519.4,-53403.72136669318,0.789841126647622,-1.3382378932163879
MK,201705.0,14214.0,8396.000000000002,-31656.05057263285,0.5906852399043198,-2.227103600157088
ML,201705.0,19347.0,6943.2,-50258.44472529095,0.35887734532485654,-2.597738394856616
MV,201705.0,8593.0,9574.199999999999,-10772.869456465176,1.1141859653206097,-1.2536796760694957
NP,201705.0,52127.0,53825.5,-71802.26412056567,1.0325838816736048,-1.3774486181933676
PK,201705.0,478886.0,-293998.8000000001,-1654149.718300948,-0.6139223113642915,-3.4541617802586586
SF,201705.0,307407.0,88315.40000000002,-658842.5919214145,0.28729144098865683,-2.1432257298025563
SO,201705.0,87427.0,-87808.29999999999,-344343.2711208832,-1.0043613529001336,-3.9386376190522743
TX,201705.0,8112.0,15324.099999999999,3425.5155751867283,1.8890655818540432,0.4222775610437288
UG,201705.0,86773.0,50258.6,-235690.85120761828,0.5791962937780185,-2.7161772810392435
UP,201705.0,85371.0,-2119.200000000003,-207343.4571105719,-0.024823417788241944,-2.4287340796121857
UV,201705.0,6312.0,7855.8,-7033.122581594165,1.2445817490494298,-1.1142462898596586
AU,201705.0,47763.0,51080.89999999999,-73259.51776006962,1.069465904570483,-1.5338131557915042
BB,201705.0,14646.0,19249.899999999998,-11465.332279193433,1.3143452137102278,-0.7828302798848445
BO,201705.0,29822.0,46636.6,-18062.188630045897,1.5638320702836832,-0.6056665760192441
EZ,201705.0,34417.0,45128.5,-54757.13757187123,1.3112270099078944,-1.5909910094392663
FJ,201705.0,30395.0,49755.700000000004,2027.752025637477,1.6369698963645338,0.06671334185351133
GL,201705.0,4794.0,1638.7,-7909.618335332842,0.34182311222361283,-1.649899527603847
JO,201705.0,63258.0,39522.09999999999,-126326.56685142302,0.6247763128774225,-1.997005388273784
MI,201705.0,29464.0,26955.299999999996,-48503.60183043609,0.914855416779799,-1.6461988131426857
MO,201705.0,28159.0,16353.300000000003,-55133.43899022063,0.5807486061294791,-1.957933129380327
MP,201705.0,11210.0,25101.399999999994,5284.725785022922,2.239197145405887,0.47142959723665673
NH,201705.0,3490.0,8868.5,1015.6589358792912,2.541117478510029,0.291019752400943
NL,201705.0,73602.0,83036.09999999999,-45587.80800487103,1.128177223445015,-0.6193827342310132
PO,201705.0,39504.0,47299.399999999994,-22663.780554045257,1.1973319157553663,-0.5737084992417288
PP,201705.0,15000.0,9766.5,-29894.69276523199,0.6511,-1.9929795176821328
SW,201705.0,62677.0,31635.100000000002,-179859.630619339,0.5047321984140913,-2.869627305380586
ZI,201705.0,85045.0,44496.700000000004,-166082.30342199455,0.5232135928038097,-1.952875576718144
AJ,201705.0,49382.0,51469.2,-32594.647940285882,1.0422664128629864,-0.6600511915330664
BX,201705.0,16151.0,25060.200000000004,-1925.4591422701149,1.5516190947928923,-0.11921609450003808
BY,201705.0,10531.0,10683.7,-27372.029957804003,1.014500047478872,-2.599186208128763
MR,201705.0,3276.0,3517.5999999999995,-5140.5091160267675,1.0737484737484735,-1.5691419768091477
SU,201705.0,80283.0,55771.0,-287044.8222760587,0.6946800692550104,-3.575412257589511
TZ,201705.0,45240.0,52865.5,-68731.26547482947,1.16855658709107,-1.519258741707106
ZA,201705.0,31650.0,33453.799999999996,-31054.8985960174,1.056992101105845,-0.9811974279942306
BC,201705.0,17335.0,19779.9,-11136.116889989778,1.141038361695991,-0.6424065122578471
BU,201705.0,22947.0,25080.800000000003,-15459.497089323359,1.0929881901773653,-0.6737044968546372
CI,201705.0,25972.0,27083.400000000005,-17148.228766063872,1.0427922377945482,-0.6602583076414551
DO,201705.0,1825.0,2849.1,-1547.4386258878508,1.5611506849315069,-0.8479115758289594
DR,201705.0,8141.0,8974.6,-13692.30446865921,1.10239528313475,-1.6818946651098403
EN,201705.0,17144.0,19528.9,-550.7401290897817,1.139109892673822,-0.03212436590584354
OD,201705.0,35289.0,10622.1,-150990.04358394173,0.30100314545609114,-4.2786716422664774
RQ,201705.0,16922.0,23123.699999999997,-37385.89124115662,1.3664874128353621,-2.2093068928706194
AM,201705.0,52541.0,62198.8,-26807.399530070175,1.1838145448316553,-0.5102186774151648
BF,201705.0,31465.0,29240.399999999998,-40546.11521309288,0.9292992213570633,-1.288610049677193
BH,201705.0,24864.0,5126.8,-40720.355029791885,0.2061936936936937,-1.637723416577859
CD,201705.0,15289.0,2124.5999999999995,-48404.70182260998,0.138962652887697,-3.165982197829157
DA,201705.0,41995.0,30338.800000000003,-78179.33623174072,0.7224383855220861,-1.8616343905641317
KG,201705.0,13135.0,23634.3,-2123.9219808545695,1.7993376475066616,-0.16169942754888234
LH,201705.0,17786.0,20953.199999999997,-18542.551388212745,1.1780726414033509,-1.0425363425285474
MN,201705.0,6938.0,10499.499999999998,7125.437495752353,1.5133323724416257,1.0270160703015787
NO,201705.0,48952.0,69589.0,-46570.77022299508,1.421576237947377,-0.9513558224994909
NU,201705.0,7416.0,8911.4,-12640.255185677916,1.2016450916936354,-1.7044572796221569
RW,201705.0,34724.0,60457.4,-14453.697396414223,1.7410839765004031,-0.4162451732638585
UY,201705.0,4393.0,8242.900000000001,-2063.3931647716877,1.8763715001138177,-0.46970024237916863
VT,201705.0,15164.0,25757.6,1778.3320115741242,1.698601951991559,0.11727327958151702
HO,201705.0,11321.0,-4728.1,-38782.21480706985,-0.4176397844713365,-3.4256880847160014
KZ,201705.0,31768.0,53096.3,-41489.752578993444,1.6713768572148076,-1.3060234380191842
LG,201705.0,15204.0,27606.399999999998,-4179.229180629779,1.8157327019205471,-0.27487695215928565
MC,201705.0,3660.0,3282.4999999999995,-3708.6053021614275,0.8968579234972677,-1.013280137202576
RN,201705.0,446.0,627.7,467.9028320243144,1.4073991031390136,1.0491094888437542
UZ,201705.0,14980.0,17984.7,-16066.975232490455,1.2005807743658212,-1.072561764518722
VQ,201705.0,3499.0,3278.7000000000003,-1966.8899513349545,0.9370391540440126,-0.5621291658573748
BN,201705.0,11010.0,2595.9000000000005,-21152.694495617572,0.23577656675749323,-1.921225658094239
GI,201705.0,4921.0,5761.1,-4856.796760876935,1.1707173338752286,-0.9869532129398364
MJ,201705.0,6066.0,4897.700000000001,-11173.95117440663,0.8074019122980548,-1.842062508144845
MZ,201705.0,9758.0,12625.0,-10582.730911771261,1.2938102070096331,-1.0845184373612688
TD,201705.0,24817.0,11158.999999999998,-45619.01546132794,0.4496514486037796,-1.8382163622246015
VI,201705.0,1413.0,1225.4,-2745.255416586526,0.8672328379334749,-1.9428559211511152
WA,201705.0,17530.0,22129.3,-8746.160212888552,1.2623673702224758,-0.498925283108303
EC,201705.0,19076.0,28296.100000000006,-52356.99498044349,1.483335080729713,-2.7446527039444057
SE,201705.0,3139.0,5952.099999999999,3809.096766844376,1.896177126473399,1.2134745991858478
WI,201705.0,2103.0,5176.0,-1721.088962044422,2.461245839277223,-0.8183970337824166
BM,201705.0,37464.0,11208.000000000002,-95574.94840754339,0.299167200512492,-2.5511143606540516
CQ,201705.0,70.0,125.6,-78.85726012374218,1.7942857142857143,-1.1265322874820312
CW,201705.0,2491.0,5698.0,2340.5243586722604,2.2874347651545563,0.9395922756612848
FP,201705.0,1166.0,1850.1,2014.4846642871794,1.5867066895368782,1.727688391326912
KR,201705.0,795.0,525.5,-1132.0087801335467,0.6610062893081761,-1.4239104152623228
LA,201705.0,11319.0,13894.500000000002,-5355.696811605159,1.2275377683540951,-0.4731598914749677
MU,201705.0,19211.0,43233.49999999999,16589.912656916767,2.250455468221331,0.8635632011304339
SG,201705.0,12185.0,19907.5,-2746.132213253218,1.6337710299548625,-0.22536989850252098
TT,201705.0,2681.0,4703.8,-296.95185588016307,1.7544945915703096,-0.11076160234247037
WS,201705.0,8747.0,10674.599999999999,201.53868687409408,1.2203726992111579,0.023040892520189104
TN,201705.0,4096.0,7604.4,-938.6480144206031,1.85654296875,-0.22916211289565505
CJ,201705.0,3934.0,4167.900000000001,1278.4178640109133,1.0594560244026439,0.32496641179738517
IV,201705.0,16225.0,-531.6999999999994,-79851.2696065428,-0.032770416024653276,-4.921495815503408
MD,201705.0,10960.0,10449.0,-8265.694866528886,0.9533759124087591,-0.7541692396467962
MG,201705.0,7065.0,16842.2,5097.244784846943,2.3838924274593065,0.7214783842670832
OC,201705.0,1461.0,2665.6000000000004,514.5898741575254,1.8245037645448325,0.3522175730030975
ST,201705.0,5314.0,7324.800000000001,-829.025735895029,1.3783966879939784,-0.15600785395088992
BL,201705.0,5487.0,6450.0,-6827.213490159318,1.1755057408419902,-1.244252504129637
CV,201705.0,1454.0,3022.9999999999995,2036.64399285293,2.079092159559835,1.4007180143417677
FM,201705.0,930.0,1741.1999999999998,468.43031794218047,1.8722580645161289,0.5036885139163231
GG,201705.0,13451.0,13042.999999999998,-12665.934401404753,0.9696676827001709,-0.9416351499074235
GJ,201705.0,5744.0,8399.6,1210.4719679232178,1.462325905292479,0.2107367632178304
GK,201705.0,4340.0,4202.6,-5206.3215784486265,0.9683410138248849,-1.1996132669236466
MA,201705.0,4584.0,5208.099999999999,-4330.7529631754105,1.1361474694589877,-0.9447541368183705
SL,201705.0,14791.0,20800.800000000003,-7125.410115923062,1.406314650801163,-0.4817395791983681
RO,201705.0,42662.0,54525.69999999999,-8126.37598222901,1.2780858843936054,-0.1904827711365855
SM,201705.0,685.0,2196.6,-1190.3685275695614,3.206715328467153,-1.7377642738241772
CG,201705.0,9148.0,313.19999999999936,-40532.87838345836,0.034236991692173084,-4.4307912531108835
LO,201705.0,7384.0,5509.0999999999985,-4642.657919668081,0.7460861321776813,-0.6287456554263382
GB,201705.0,1645.0,2466.7000000000003,-1165.9519207234657,1.4995136778115503,-0.7087853621419244
TI,201705.0,10145.0,15319.0,-12280.037473591234,1.5100049285362247,-1.2104521905954888
CT,201705.0,24716.0,-65774.9,-131872.8502189055,-2.6612275449101794,-5.335525579337495
AC,201705.0,3458.0,3911.5999999999995,-3186.6671412706596,1.1311740890688258,-0.9215347429932503
BK,201705.0,3345.0,-2252.7,-11039.230099356877,-0.6734529147982062,-3.300218265876495
ER,201705.0,5695.0,3039.4,-10921.534450635905,0.5336962247585602,-1.9177409044136795
PA,201705.0,3662.0,-263.5,-7622.448051956208,-0.07195521572910978,-2.08149864881382
CM,201705.0,18372.0,18875.0,-32924.97764496499,1.0273786196385803,-1.7921281104378939
LU,201705.0,10463.0,24847.800000000003,8860.525607946442,2.37482557583867,0.8468436975959516
EK,201705.0,3882.0,3481.0,-1160.966404723777,0.8967027305512623,-0.29906398885208063
RE,201705.0,1696.0,3090.1000000000004,1289.1216121602479,1.8219929245283022,0.7600952901888254
RI,201705.0,10011.0,13456.8,-8875.515279112327,1.344201378483668,-0.8865762939878461
RM,201705.0,2681.0,-1850.7000000000003,-3533.169812288177,-0.6903021260723612,-1.317855207865788
SI,201705.0,6861.0,10564.599999999999,3454.253741353335,1.5398046931934117,0.503462139827042
TK,201705.0,155.0,175.8,87.81401129352986,1.1341935483870969,0.566542008345354
KV,201705.0,6454.0,3447.5,-15589.58177814095,0.5341648590021691,-2.4154914437776496
KT,201705.0,202.0,272.4,-313.82270454323395,1.3485148514851484,-1.5535777452635344
PS,201705.0,797.0,1716.8999999999999,261.7849504541854,2.154203262233375,0.32846292403285493
MH,201705.0,446.0,865.6,976.8697567724028,1.9408071748878923,2.1902909344672707
NR,201705.0,1911.0,2005.7,-6108.4240123151685,1.0495552066980638,-3.1964542188985705
AA,201705.0,1259.0,1663.9,-70.05272491499295,1.321604447974583,-0.055641560694990426
BD,201705.0,9003.0,11158.700000000003,2577.927058901883,1.2394424080861939,0.2863408929136824
LT,201705.0,6304.0,7537.599999999999,-2161.142593947296,1.1956852791878172,-0.3428208429484924
WZ,201705.0,6354.0,6750.9,-4859.886082981164,1.0624645892351274,-0.7648545928519301
SC,201705.0,1212.0,1287.0,5.195683916031725,1.061881188118812,0.004286867917517925
MB,201705.0,602.0,953.0,-768.7796643394101,1.5830564784053156,-1.2770426317930401
VC,201705.0,2391.0,2641.6,-563.1720203425293,1.1048097030531159,-0.2355382770148596
FG,201705.0,438.0,1120.3,456.53901917822736,2.5577625570776257,1.042326527804172
CN,201705.0,1086.0,1519.6,-182.76379752793846,1.3992633517495394,-0.16829078962056948
NS,201705.0,1555.0,2383.1,-1732.0121876532198,1.532540192926045,-1.113834204278598
NC,201705.0,1112.0,1316.4,-277.3532391223415,1.1838129496402878,-0.24941838050570278
TO,201705.0,4468.0,8337.900000000001,2749.892610049866,1.866136974037601,0.6154638787040883
LS,201705.0,741.0,1512.8999999999999,203.7230468665982,2.0417004048582994,0.2749298878091744
GP,201705.0,356.0,1073.4,309.79021401711833,3.015168539325843,0.8701972303851638
AV,201705.0,1250.0,2193.4,2833.2028824415243,1.75472,2.2665623059532196
PU,201705.0,1414.0,2316.1,-877.5780325096741,1.637977369165488,-0.6206351007847766
TV,201705.0,453.0,558.5,396.34854178541894,1.2328918322295805,0.8749415933452956
SV,201705.0,708.0,952.7,-1078.726805057446,1.3456214689265538,-1.523625430872099
FO,201705.0,370.0,-206.10000000000002,-962.1019332491506,-0.5570270270270271,-2.6002754952679745
FK,201705.0,118.0,389.2,113.03468889582075,3.2983050847457624,0.957921092337464
NE,201705.0,573.0,1147.0000000000005,886.1744736273213,2.001745200698081,1.5465523099953251
YI,201705.0,217.0,-547.8,-646.6650714959221,-2.5244239631336405,-2.98002337094895
NT,201705.0,62.0,255.0,-0.4997760859830578,4.112903225806452,-0.008060904612629965
IO,201705.0,10.0,26.0,8.888162081889499,2.6,0.8888162081889499
SH,201705.0,24.0,-10.0,2.1282987989157203,-0.4166666666666667,0.08867911662148835
AN,201705.0,283.0,409.70000000000005,663.3158681274426,1.4477031802120144,2.3438723255386664
TL,201705.0,55.0,132.3,154.59532975186653,2.4054545454545457,2.8108241773066642
TP,201705.0,122.0,218.2,-74.12221855244204,1.7885245901639344,-0.6075591684626397
SB,201705.0,23.0,59.49999999999999,-114.01754269385668,2.58695652173913,-4.95728446495029
IM,201705.0,211.0,-75.99999999999999,-574.5955314835877,-0.3601895734597156,-2.723201571012264
PC,201705.0,187.0,310.79999999999995,-526.4293004132568,1.6620320855614972,-2.8151299487339934
PG,201705.0,205.0,157.2,-490.7933005954673,0.7668292682926828,-2.394113661441304
MF,201705.0,95.0,295.2,133.28230617532745,3.1073684210526316,1.4029716439508153
WQ,201705.0,76.0,6.1000000000000085,-241.14838520565124,0.08026315789473695,-3.173005068495411
NF,201705.0,28.0,119.6,-9.612226853606298,4.271428571428571,-0.3432938162002249
JN,201705.0,6.0,48.0,7.643312101910819,8.0,1.27388535031847
JQ,201705.0,2.0,-20.0,-14.38515081206496,-10.0,-7.19257540603248
PF,201705.0,46.0,-46.5,-156.28292848498282,-1.0108695652173914,-3.397454967064844
HQ,201705.0,1.0,4.0,-4.92424242424242,4.0,-4.92424242424242
DQ,201705.0,20.0,-184.0,-28.438886647841898,-9.2,-1.4219443323920948
AE,201706.0,92214.0,60121.999999999985,-103962.57416335787,0.6519834298479622,-1.1274055367228173
AF,201706.0,228445.0,-246593.70000000004,-993053.1637608993,-1.0794445052419621,-4.347012032484402
AJ,201706.0,44748.0,53459.299999999996,-46740.53292018132,1.1946746223294895,-1.0445278653835104
AS,201706.0,716889.0,429746.8999999999,-994258.7914534761,0.59946086493167,-1.3869075846518444
BA,201706.0,54791.0,-21916.8,-159997.07602631013,-0.40000730046905514,-2.9201342561061145
BD,201706.0,8415.0,7651.299999999999,-2059.5884678854145,0.9092453951277479,-0.24475204609452342
BE,201706.0,89747.0,51215.2,-171779.5216008663,0.5706619719879216,-1.9140419356732405
BO,201706.0,33301.0,60979.4,-14100.083381798013,1.8311582234767725,-0.42341321226984213
BR,201706.0,83103.0,18697.4,-193604.93909904265,0.22499067422355393,-2.3296985559972883
BU,201706.0,22261.0,24939.199999999997,-25314.587370263165,1.1203090606890973,-1.1371720664059641
BX,201706.0,9334.0,13028.600000000002,-1928.4966628673078,1.3958217270194988,-0.2066098846011686
CA,201706.0,584467.0,624405.7999999999,-528570.3861858262,1.0683337125962629,-0.904363096951284
CE,201706.0,71983.0,65657.8,-153327.67761599395,0.9121292527402304,-2.1300540074183343
CF,201706.0,18538.0,-10057.200000000003,-95865.72052187259,-0.5425180709893194,-5.171308691437727
CH,201706.0,656447.0,818943.0000000001,-624461.0965508217,1.2475386436376434,-0.9512742027167794
CI,201706.0,24591.0,22810.0,-33838.970783003664,0.9275751291122768,-1.3760713587492848
CM,201706.0,17055.0,-11329.900000000001,-69361.85817150254,-0.6643154500146585,-4.066951519877017
CO,201706.0,45982.0,67664.4,-114139.27195544369,1.4715410377973988,-2.482259839838278
CS,201706.0,11142.0,15668.5,-1584.9274886025187,1.4062556094058518,-0.14224802446621063
CU,201706.0,89513.0,126279.2,-104405.63602834468,1.4107358707673745,-1.16637400185833
CY,201706.0,28096.0,49395.200000000004,-4793.306632532472,1.7580865603644649,-0.1706045925588152
DA,201706.0,32785.0,46137.0,-24454.757737583375,1.4072594174165014,-0.74591300099385
DR,201706.0,7775.0,9183.5,-16512.073237080633,1.1811575562700964,-2.1237393230971873
EC,201706.0,8890.0,12952.9,-12002.713090732024,1.4570191226096738,-1.3501364556503965
ET,201706.0,39269.0,67828.9,-56278.34342430393,1.7272887010109754,-1.4331493907230621
FR,201706.0,397135.0,393807.30000000005,-538411.1035389167,0.9916207335037205,-1.3557382339479438
GG,201706.0,10629.0,5868.1,-21561.50677595198,0.5520839213472576,-2.02855459365434
GH,201706.0,151987.0,135930.7,-162952.20205302883,0.8943574121470916,-1.072145657543269
GM,201706.0,273389.0,273445.49999999994,-456687.47251524153,1.000206665227935,-1.6704676212841099
GT,201706.0,11144.0,4787.799999999999,-26650.253581041943,0.42963029432878674,-2.391444147616829
HU,201706.0,34350.0,40939.3,-68637.53793724345,1.1918282387190684,-1.9981815993375096
IN,201706.0,1034924.0,176136.2,-2393574.0750114797,0.17019240060139681,-2.312801785456207
IS,201706.0,382357.0,-44895.9,-1057409.0993236073,-0.11741879970812617,-2.7655021336698615
IT,201706.0,159821.0,186197.69999999995,-223239.6920200209,1.1650390123951166,-1.396810757159703
IV,201706.0,5588.0,6792.5,-7922.34470373149,1.2155511811023623,-1.4177424308753561
JA,201706.0,204376.0,251208.6,-224247.45120170774,1.2291492151720358,-1.0972298665288867
JM,201706.0,40987.0,25265.5,-54594.17518908761,0.616427159831166,-1.3319875860416135
KE,201706.0,144821.0,73496.79999999999,-290239.61348079355,0.5075009839733187,-2.0041265664564776
KZ,201706.0,41877.0,94678.1,157.872084824978,2.2608615707906488,0.003769899582705972
MX,201706.0,141813.0,48535.399999999994,-307319.78648872924,0.34224930013468435,-2.1670776761561297
MY,201706.0,130294.0,92255.3,-273454.6809075855,0.7080548605461495,-2.0987511390208717
NI,201706.0,560931.0,196370.80000000002,-1303583.116243793,0.350080134633315,-2.323963404133116
NO,201706.0,47969.0,61262.40000000001,-47714.525209471205,1.2771248097729786,-0.994695015728308
NZ,201706.0,121030.0,171886.30000000005,-44541.00485142907,1.420195819218376,-0.3680162344165006
OS,201706.0,7750.0,6367.199999999999,-10580.081440031237,0.821574193548387,-1.365171798713708
PK,201706.0,379231.0,-248916.49999999997,-1464019.2613021112,-0.6563717101186347,-3.8604946887309084
PL,201706.0,58683.0,60620.1,-92528.686709571,1.033009559838454,-1.5767545406603447
PM,201706.0,34368.0,22455.300000000003,-65069.845496250164,0.6533781424581007,-1.89332651001659
RQ,201706.0,15835.0,11736.2,-29382.068378212403,0.7411556678244395,-1.855514264490837
RS,201706.0,591776.0,154930.99999999997,-1543558.2515649826,0.2618068323149299,-2.6083488542370468
SA,201706.0,255281.0,23757.600000000002,-744490.3178366768,0.09306450538818009,-2.916356163743784
SF,201706.0,245142.0,112348.20000000001,-466082.1866384103,0.4582984555890056,-1.9012743089246653
SG,201706.0,10406.0,15054.5,-11229.770096665194,1.4467134345569863,-1.0791629921838548
SN,201706.0,74499.0,98247.5,-52599.12063845826,1.318776090954241,-0.7060379419651037
SO,201706.0,65439.0,-76508.00000000001,-322667.67564661964,-1.1691498953223616,-4.930816113428072
SP,201706.0,109815.0,97509.5,-146348.24453235226,0.887943359286072,-1.332679911964233
SY,201706.0,302852.0,-526613.6,-1301258.9754261505,-1.7388480181738935,-4.296682787058201
SZ,201706.0,69740.0,90170.3,-73121.97817469547,1.2929495268138802,-1.048494094847942
TU,201706.0,218614.0,35160.7,-681973.0346912856,0.1608346217534101,-3.1195304723909976
TW,201706.0,48983.0,61245.10000000002,-21597.74062828189,1.2503337892738302,-0.4409231902554333
UK,201706.0,1429121.0,817422.2,-2708704.4743380686,0.5719755010247557,-1.8953639855114217
UP,201706.0,89454.0,-17222.999999999993,-251151.6054584965,-0.19253471057750343,-2.807606204960052
US,201706.0,7162299.0,3284108.9999999995,-14499985.611155326,0.45852721311969796,-2.0244876137055052
VE,201706.0,64953.0,-90258.00000000001,-344828.5502630463,-1.3895893954089882,-5.308893357705514
VM,201706.0,93272.0,136360.7,-41126.632127053344,1.4619682219744405,-0.4409322425492468
WE,201706.0,23051.0,-16761.100000000002,-86181.68989932601,-0.7271311439850766,-3.7387397466194963
ZI,201706.0,82924.0,52455.299999999996,-171590.26054704926,0.6325707877092277,-2.069247269150659
nan,201706.0,3934394.0,2779108.4,-7545493.1695022,0.706362504619517,-1.9178285574607423
AL,201706.0,15601.0,20150.1,-15380.851904250652,1.2915902826741874,-0.9858888471412507
AU,201706.0,31510.0,36901.0,-42453.520851637826,1.171088543319581,-1.3473031054153546
BM,201706.0,38930.0,9920.300000000003,-115880.09547387493,0.25482404315437973,-2.9766271634696873
EG,201706.0,138010.0,-31911.199999999997,-417072.1578178101,-0.23122382436055355,-3.0220430245475693
EN,201706.0,15994.0,20679.0,-1073.7843156051379,1.2929223458797048,-0.06713669598631598
FJ,201706.0,29804.0,51671.8,3012.0716100769737,1.7337203059991948,0.10106266306794302
GR,201706.0,82403.0,100160.79999999999,-137614.55117794027,1.2154994357001565,-1.6700187029348479
HA,201706.0,18072.0,25203.4,-18641.18450725983,1.394610447100487,-1.031495379994457
HK,201706.0,38443.0,32592.100000000002,-29588.204675245343,0.8478032411622403,-0.7696642997488579
HO,201706.0,8332.0,-5913.0,-23938.956012372637,-0.7096735477676428,-2.873134422992395
ID,201706.0,102570.0,34806.399999999994,-246977.9018853796,0.3393428877839524,-2.407896089357313
IR,201706.0,273961.0,-182232.59999999998,-1147934.4924351927,-0.6651771602527367,-4.190138349747565
IZ,201706.0,187903.0,-335379.2,-795366.8430039256,-1.7848528229991008,-4.2328586717823855
JO,201706.0,49684.0,4484.799999999998,-134167.18319984846,0.09026648418001768,-2.700410256820072
KG,201706.0,15681.0,23744.5,-24087.719240962346,1.5142210318219502,-1.5361086181341972
KN,201706.0,154036.0,-10224.100000000002,-566658.6533139659,-0.06637474356643903,-3.6787416793085117
KS,201706.0,123109.0,121017.59999999999,-192823.8225751692,0.9830118025489606,-1.5662853453051298
LE,201706.0,57649.0,-20544.800000000003,-175327.14264924088,-0.35637738729206064,-3.041286798543615
LY,201706.0,60183.0,6421.299999999998,-259789.4535068416,0.10669624312513498,-4.316658416942352
MD,201706.0,9475.0,15146.899999999998,-3277.4587314348214,1.598617414248021,-0.3459059347160761
MK,201706.0,10835.0,15842.5,-9791.148321224682,1.462159667743424,-0.9036592820696523
MO,201706.0,39587.0,-19608.099999999995,-140543.50322607337,-0.49531664435294404,-3.5502438483864243
NL,201706.0,74414.0,94978.3,-51771.036039209095,1.2763498803988498,-0.6957163442256712
NP,201706.0,41099.0,38310.5,-36440.51159976671,0.9321516338597046,-0.8866520255910535
OD,201706.0,33223.0,20309.099999999995,-141027.3264086595,0.6112963910543899,-4.2448703129958005
RI,201706.0,14661.0,22793.0,-9311.523915259497,1.5546688493281495,-0.6351220186385306
RO,201706.0,47435.0,65705.00000000001,-29109.62268453182,1.3851586381363974,-0.613673926099543
RP,201706.0,367128.0,-175554.0,-1242717.5813522593,-0.47818199646989606,-3.3849708585350595
SU,201706.0,70790.0,22866.1,-267898.6111304622,0.3230131374487922,-3.784413209923184
SW,201706.0,56139.0,63297.3,-53852.79231154227,1.12751028696628,-0.9592759456267883
TD,201706.0,25754.0,13366.6,-50830.819427655675,0.5190106391240196,-1.973705809880239
WS,201706.0,10840.0,15510.099999999999,-4410.577362115943,1.430821033210332,-0.4068798304535003
YM,201706.0,62250.0,-84819.6,-283904.08918715204,-1.3625638554216868,-4.560708260034571
KU,201706.0,29092.0,41291.0,-57629.94845915399,1.419324900316238,-1.980955192463701
TH,201706.0,85034.0,32675.1,-185313.25957285688,0.384259237481478,-2.179284281262282
AG,201706.0,16690.0,339.0000000000009,-56756.80426482472,0.020311563810665123,-3.4006473496000433
BC,201706.0,19006.0,26748.100000000002,-19668.78543457677,1.4073503104282858,-1.034872431578279
BF,201706.0,25003.0,20829.399999999998,-34952.37344563388,0.8330760308762948,-1.3979271865629677
BH,201706.0,20561.0,13897.8,-29973.640059763664,0.6759301590389573,-1.4577909663811908
CD,201706.0,15441.0,7274.6,-47699.901665690704,0.47112233663622827,-3.0891717936461824
CG,201706.0,8401.0,-9631.2,-41951.79609711956,-1.1464349482204501,-4.993666955971856
EI,201706.0,205885.0,210228.90000000002,-216405.74575109527,1.0210986715885082,-1.0511001080753588
EZ,201706.0,32460.0,45662.4,-34397.21744062338,1.406728280961183,-1.0596801429643679
FI,201706.0,23129.0,34843.8,2395.723506821683,1.506498335423062,0.10358093764631773
BG,201706.0,90419.0,42170.600000000006,-227657.43481392335,0.4663909134142161,-2.5178052711700345
BK,201706.0,4496.0,-2791.3000000000006,-17546.76900217568,-0.620840747330961,-3.9027511125835583
BY,201706.0,9718.0,1534.7,-46152.79908969438,0.15792344103725048,-4.749207562224159
LA,201706.0,8083.0,10122.7,-6943.53567852742,1.2523444265742918,-0.8590295284581739
MC,201706.0,2624.0,2552.6000000000004,-2877.3263097046242,0.9727896341463416,-1.0965420387593843
NU,201706.0,8927.0,23368.300000000003,-7985.791756466189,2.617710317015795,-0.8945661203613968
PO,201706.0,41675.0,29589.199999999997,-88736.15546206123,0.709998800239952,-2.129241882712927
RW,201706.0,27847.0,36209.3,-26256.58777724351,1.300294466190254,-0.942887484369717
AN,201706.0,213.0,391.00000000000006,-13.868428590095174,1.8356807511737092,-0.06510999338072852
CB,201706.0,42632.0,14359.899999999998,-97611.1225104051,0.3368338337399136,-2.2896210009008513
FP,201706.0,1017.0,1071.1,1164.0469621698624,1.0531956735496557,1.1445889500195303
GK,201706.0,3783.0,3874.7,-4888.588798679222,1.0242400211472376,-1.2922518632511821
GQ,201706.0,10514.0,11599.2,-9895.164827605915,1.1032147612706869,-0.9411417945221529
IO,201706.0,223.0,273.70000000000005,-271.95275858675035,1.2273542600896863,-1.219519096801571
JE,201706.0,25279.0,12474.0,-44109.98160071768,0.49345306380790377,-1.7449258910842074
MJ,201706.0,4139.0,7898.099999999999,-1566.456736314191,1.9082145445759844,-0.378462608435417
MP,201706.0,7101.0,14606.0,1934.062670538968,2.056893395296437,0.2723648317897434
MU,201706.0,15585.0,31270.200000000004,1278.3855232452956,2.0064292589027914,0.08202666174175782
NH,201706.0,3919.0,8512.5,-709.6946405096678,2.172110232202092,-0.18109074776975448
PE,201706.0,28785.0,26885.599999999995,-78148.66851126662,0.9340142435296159,-2.714909449757395
QA,201706.0,246950.0,196336.20000000004,-698541.2516468117,0.7950443409597087,-2.8286748396307417
RB,201706.0,10728.0,5728.3,-15692.081568981412,0.5339578672632365,-1.4627219956172084
RE,201706.0,1576.0,2766.3,666.0411579845904,1.755266497461929,0.4226149479597655
SI,201706.0,7309.0,15109.8,-1162.355102513266,2.067286906553564,-0.15903066117297388
TT,201706.0,2638.0,1495.7999999999997,-8047.760707217976,0.5670204700530704,-3.0507053476944566
AV,201706.0,1562.0,4311.0,2097.106079536381,2.7599231754161333,1.3425775157083104
LH,201706.0,14106.0,10089.2,-14377.893047268772,0.7152417411030768,-1.0192749927171962
NG,201706.0,18997.0,10977.099999999999,-75637.73872003342,0.5778333421066484,-3.981562284573007
UG,201706.0,82719.0,98289.0,-213966.7255047869,1.1882276139701882,-2.5866696346037417
VC,201706.0,2070.0,1237.8,-3543.099989377126,0.5979710144927536,-1.7116425069454715
AM,201706.0,43154.0,57311.9,-32436.119762356237,1.3280785095240302,-0.7516364592472595
AO,201706.0,17182.0,18453.6,-22712.859066976307,1.0740076824583866,-1.3218984441261965
DJ,201706.0,10240.0,-51.90000000000009,-27369.486750620126,-0.005068359375000009,-2.6728014404902467
GI,201706.0,4240.0,6724.3,-882.1199340824246,1.5859198113207547,-0.20804715426472278
LI,201706.0,29085.0,27261.6,-32863.21396112981,0.9373078906652913,-1.1299024913573943
MR,201706.0,5644.0,8754.0,-8949.078564642492,1.5510276399716514,-1.5855915245645804
TS,201706.0,13787.0,-3157.8,-47648.8544034093,-0.22904185101907595,-3.456071255777856
UY,201706.0,3680.0,6221.8,-930.3395506663041,1.6907065217391304,-0.25280966050714787
AC,201706.0,3714.0,7005.499999999999,-4608.51060642664,1.886241249326871,-1.2408483054460528
AR,201706.0,24609.0,22607.199999999997,-43570.80534258829,0.9186557763419886,-1.7705231964967407
BB,201706.0,12956.0,16975.4,-8378.238512848537,1.310234640321087,-0.6466686101303285
BN,201706.0,9388.0,5145.700000000001,-9228.240343406653,0.5481146144013636,-0.9829825674698182
GY,201706.0,19278.0,23276.5,-19263.360495513796,1.2074125946674967,-0.9992406108265275
IC,201706.0,10211.0,12316.299999999996,1194.6339919314037,1.2061796102242675,0.11699480872895933
LU,201706.0,13635.0,31589.899999999998,2845.449432358702,2.3168243491015765,0.20868716042234703
CT,201706.0,11002.0,-3892.7000000000003,-56836.12808645233,-0.3538174877295038,-5.165981465774617
GZ,201706.0,7792.0,-7667.199999999999,-33370.11156984756,-0.983983572895277,-4.2826118544465555
NS,201706.0,2217.0,-2333.899999999999,-5300.717000170262,-1.0527289129454214,-2.390941362277971
UZ,201706.0,14368.0,30726.800000000003,-17521.35501971453,2.1385579064587974,-1.2194707001471694
BT,201706.0,10327.0,10250.099999999999,-8763.084867939702,0.9925535005325844,-0.8485605565933672
GJ,201706.0,6161.0,8826.4,-2807.7536076674673,1.432624573932803,-0.4557301749176217
GV,201706.0,5729.0,8317.5,-6168.755736455446,1.451824053063362,-1.0767595979150717
LO,201706.0,8032.0,4622.0,-12835.630386342733,0.5754482071713147,-1.5980615520845036
PP,201706.0,13975.0,13522.300000000001,-27258.379181340097,0.9676064400715564,-1.9505101381996492
SE,201706.0,3357.0,6594.1,4968.742390243294,1.9642835865355974,1.4801139083238886
TK,201706.0,89.0,396.2,296.03750650532174,4.451685393258427,3.326264118037323
KV,201706.0,5586.0,3073.5,-10391.024215608686,0.5502148227712137,-1.8601905147885225
OC,201706.0,949.0,1584.1,100.96030287649774,1.669230769230769,0.10638598827871205
AA,201706.0,1685.0,2905.3999999999996,1682.5882276274774,1.7242729970326407,0.9985686810845563
ER,201706.0,10986.0,2123.1000000000004,-39421.00710391005,0.1932550518842163,-3.588294839241767
ES,201706.0,9312.0,-751.4000000000001,-26160.741520173156,-0.08069158075601375,-2.8093579811182514
GA,201706.0,19280.0,24941.3,-27438.729129212523,1.2936358921161826,-1.4231705979882014
MI,201706.0,27976.0,29927.299999999996,-42159.354759909955,1.0697490706319701,-1.5069829410891462
PG,201706.0,106.0,11.100000000000001,-322.0829855609861,0.10471698113207549,-3.0385187317074163
WZ,201706.0,5731.0,5616.799999999999,-2720.7417639263685,0.9800732856395044,-0.4747411907043044
MT,201706.0,28368.0,26521.699999999997,-24175.448071246647,0.9349161026508741,-0.852208406346822
VQ,201706.0,5424.0,3952.7000000000003,-3757.8538918864847,0.7287426253687316,-0.6928196703330539
ZA,201706.0,37837.0,37617.200000000004,-50075.08395317095,0.9941908713692947,-1.3234422378404986
GB,201706.0,3458.0,2368.8,-11181.927441961197,0.6850202429149798,-3.233640093106188
MN,201706.0,5496.0,10653.099999999999,10400.300442315496,1.9383369723435222,1.8923399640312037
MG,201706.0,6764.0,14056.699999999999,1063.9194569166843,2.078163808397398,0.15729146317514553
ST,201706.0,3996.0,7501.8,2266.0187997567136,1.8773273273273274,0.5670717717108893
GL,201706.0,3496.0,2999.9999999999995,-5427.050754433307,0.8581235697940502,-1.5523600556159345
TO,201706.0,2798.0,4973.0,-3801.2129028057584,1.7773409578270194,-1.3585464270213576
TZ,201706.0,46523.0,41288.2,-73026.44423566476,0.8874793113083851,-1.5696847631422042
BL,201706.0,6209.0,4846.0,-14093.894441919761,0.7804799484619102,-2.269913744873532
HR,201706.0,14917.0,16945.8,-11647.967387039349,1.1360058993095126,-0.7808518728322953
PS,201706.0,834.0,1897.8999999999999,98.0369675600569,2.275659472422062,0.11755032081541594
EK,201706.0,3192.0,7946.3,-5364.339800692856,2.4894423558897243,-1.6805575816706944
KR,201706.0,1186.0,1864.000000000001,901.039155089133,1.5716694772344022,0.7597294730937041
MZ,201706.0,12319.0,15587.499999999996,-11651.582283712072,1.265321860540628,-0.9458220865096252
CJ,201706.0,3700.0,3185.2,280.90740448116435,0.8608648648648648,0.07592092013004442
LT,201706.0,12560.0,3200.3,-24505.875156647457,0.25480095541401276,-1.9511047099241605
MA,201706.0,3751.0,5158.299999999999,-622.8093362583709,1.3751799520127963,-0.166038212812149
MB,201706.0,519.0,927.7,482.791566607072,1.78747591522158,0.9302342323835684
WA,201706.0,17000.0,13606.899999999998,-23522.95007271006,0.8004058823529411,-1.383702945453533
MV,201706.0,8800.0,-2959.3,-21695.154032872095,-0.33628409090909095,-2.4653584128263746
RM,201706.0,2497.0,93.60000000000014,-1289.9868590703015,0.037484981978374105,-0.5166146812456154
VI,201706.0,983.0,347.6,-926.9353798444124,0.3536113936927772,-0.94296579841751
VT,201706.0,11930.0,18102.600000000002,-18311.90610285117,1.5174015088013413,-1.5349460270621267
CW,201706.0,2485.0,7834.900000000001,3454.8513437834886,3.1528772635814892,1.390282230898788
SL,201706.0,11173.0,15181.899999999998,-10691.859976572065,1.3588024702407588,-0.9569372573679463
WQ,201706.0,58.0,148.39999999999998,0.6474935764656586,2.558620689655172,0.011163682352856183
ML,201706.0,30337.0,-19655.800000000003,-117047.7845427859,-0.6479150871872632,-3.8582517896557307
BP,201706.0,4125.0,8990.5,-363.7690313256449,2.1795151515151514,-0.08818643183651997
TN,201706.0,3490.0,9368.5,2841.026521358049,2.6843839541547276,0.8140477138561746
KT,201706.0,501.0,742.8,-1553.430204427514,1.482634730538922,-3.1006590906736804
TI,201706.0,9993.0,14727.5,-10462.576619813342,1.4737816471530072,-1.0469905553700933
LG,201706.0,13653.0,23634.1,-4854.174652956742,1.731055445689592,-0.3555390502421989
TV,201706.0,696.0,2027.8,540.3366911809276,2.9135057471264365,0.7763458206622522
LS,201706.0,510.0,715.4,232.24139260694272,1.4027450980392155,0.4553752796214563
TX,201706.0,6681.0,15805.6,3476.332306473578,2.365753629696153,0.520331134032866
FM,201706.0,1241.0,2661.2,859.2791040439581,2.144399677679291,0.6924086253375972
AQ,201706.0,934.0,1059.2,-1083.8430284450142,1.134047109207709,-1.1604315079711072
DO,201706.0,1474.0,3840.2,876.6937073341239,2.605291723202171,0.594771850294521
UV,201706.0,6747.0,12478.099999999999,-9497.218149658518,1.8494293760189713,-1.407620890715654
AY,201706.0,2581.0,2751.2,-2282.9017150619893,1.0659434327779929,-0.8845027954521462
NC,201706.0,512.0,358.19999999999993,-99.58715163727764,0.6996093749999999,-0.1945061555415579
GP,201706.0,303.0,836.7,494.0178381844062,2.7613861386138616,1.6304219081993603
YI,201706.0,477.0,-428.5,-2673.123838871954,-0.8983228511530398,-5.604033205182294
CN,201706.0,883.0,1566.9,-1968.7868612432537,1.774518686296716,-2.229656694499721
PA,201706.0,1954.0,1545.7999999999997,-4904.229662594149,0.7910951893551688,-2.509841178400281
PU,201706.0,726.0,1438.7,-0.8456100358151843,1.98168044077135,-0.0011647521154479123
FO,201706.0,504.0,406.6,142.35715666612782,0.8067460317460318,0.2824546759248568
SC,201706.0,794.0,1508.4,563.6617349260096,1.8997481108312344,0.7099014293778458
IM,201706.0,881.0,-419.4,-5333.120024232577,-0.476049943246311,-6.053484704009735
FG,201706.0,388.0,774.3,73.81265165887439,1.9956185567010307,0.19023879293524326
MH,201706.0,567.0,1520.9,410.1065438788196,2.6823633156966493,0.7232919645129093
SM,201706.0,323.0,244.6,-552.5809735991971,0.7572755417956656,-1.71077700804705
WI,201706.0,1164.0,1693.3999999999999,-1717.2218183001173,1.4548109965635738,-1.4752764762028499
SV,201706.0,389.0,-424.80000000000007,-791.8124703008631,-1.092030848329049,-2.0355076357348665
PC,201706.0,158.0,-177.0,45.724477782307765,-1.120253164556962,0.28939542900194787
NR,201706.0,2088.0,2581.5,-4054.161542547215,1.2363505747126438,-1.9416482483463673
TL,201706.0,51.0,190.6,33.6419136005409,3.7372549019607844,0.6596453647164883
NF,201706.0,37.0,18.199999999999996,-163.00926517016717,0.49189189189189175,-4.405655815409924
CV,201706.0,529.0,1166.1,-155.2481407341493,2.2043478260869565,-0.2934747461893181
RN,201706.0,134.0,420.9,437.20249192929396,3.141044776119403,3.2627051636514475
FK,201706.0,231.0,-145.80000000000007,-395.363213361223,-0.6311688311688315,-1.7115290621697967
CQ,201706.0,127.0,-100.6,71.25353546653588,-0.7921259842519685,0.5610514603664243
NE,201706.0,818.0,3480.5,2966.553103707684,4.254889975550122,3.626593036317462
TP,201706.0,178.0,511.0,-142.10301420691354,2.8707865168539324,-0.7983315404882784
JN,201706.0,2.0,5.6,-4.65116279069768,2.8,-2.32558139534884
MF,201706.0,142.0,195.5,-366.6919247925871,1.3767605633802817,-2.5823374985393457
JQ,201706.0,10.0,-70.0,-59.2734225621415,-7.0,-5.92734225621415
PF,201706.0,33.0,-83.2,-69.17005676630635,-2.5212121212121215,-2.0960623262517073
KQ,201706.0,1.0,7.0,-2.44932432432432,7.0,-2.44932432432432
CR,201706.0,18.0,0.0,-37.313831331729375,0.0,-2.072990629540521
SB,201706.0,9.0,11.0,-27.811661218740888,1.2222222222222223,-3.0901845798600984
NT,201706.0,70.0,234.0,77.1314133129885,3.342857142857143,1.1018773330426928
SH,201706.0,22.0,32.0,16.97169116997077,1.4545454545454546,0.7714405077259442
IP,201706.0,10.0,40.0,-72.0461095100864,4.0,-7.20461095100864
HQ,201706.0,24.0,44.7,4.07617191377925,1.8625,0.16984049640746876
FQ,201706.0,25.0,101.0,6.68716822054695,4.04,0.267486728821878
AF,201707.0,197748.0,-294214.1,-812722.9416510127,-1.4878233913870178,-4.109892093224775
AJ,201707.0,45653.0,42031.8,-73059.30795239918,0.9206799115063633,-1.6003177874925891
AM,201707.0,39407.0,27359.499999999996,-54867.075152837904,0.6942802040246656,-1.3923179930681835
AO,201707.0,14558.0,23473.0,-9869.824178385232,1.6123780739112517,-0.6779656668763039
AS,201707.0,615901.0,350049.6,-694620.3998727888,0.568353680218087,-1.127811774737805
AU,201707.0,35790.0,34751.8,-58306.83850641382,0.9709918971779827,-1.629137706242353
BE,201707.0,70262.0,68558.8,-137294.338927985,0.975759300902337,-1.9540340287493239
CH,201707.0,686265.0,680639.2,-921504.2653762228,0.9918022921174764,-1.3427819652411572
CO,201707.0,35636.0,28103.699999999993,-96952.68439811294,0.7886322819620607,-2.720638803404224
EG,201707.0,145251.0,-171892.4,-677799.3825204563,-1.183416293175262,-4.666400799446863
ET,201707.0,30210.0,46604.1,-30181.35519782562,1.5426713008937438,-0.9990518105867467
FR,201707.0,320021.0,265186.5,-529884.545032608,0.8286534321185173,-1.65578054262879
GA,201707.0,21520.0,22440.800000000003,-18189.283802234746,1.0427881040892195,-0.8452269424830272
HK,201707.0,36100.0,29913.100000000002,-42241.093901800974,0.828617728531856,-1.1701134044820214
IR,201707.0,243373.0,21430.200000000008,-767348.3539824696,0.08805496090363354,-3.1529724085353332
IT,201707.0,162594.0,156568.90000000002,-325873.99257445964,0.9629438970687727,-2.004219052206475
IZ,201707.0,221458.0,-301897.7,-849745.3513758961,-1.3632277903710863,-3.8370496950929573
KE,201707.0,150625.0,12004.399999999998,-367091.21132529416,0.07969726141078837,-2.437120075188675
PK,201707.0,402521.0,-170886.4,-1386332.774334196,-0.4245403345415519,-3.4441253359059427
TH,201707.0,94423.0,37732.600000000006,-263363.976127109,0.3996123825762791,-2.7891930581225868
UK,201707.0,1060848.0,827775.7999999999,-1422540.1976259644,0.7802963289745561,-1.3409462973262565
US,201707.0,6445498.0,2160468.6999999997,-14015253.389706332,0.33519034526114194,-2.1744252173697567
nan,201707.0,3672176.0,2248121.9,-7629352.810574554,0.6122042897726034,-2.0776108799182156
AG,201707.0,13189.0,-1204.2000000000007,-43275.72569381717,-0.09130335885965583,-3.281198399713183
AQ,201707.0,449.0,1307.8000000000002,-440.4348484285904,2.9126948775055683,-0.9809239385937425
BA,201707.0,35439.0,16427.7,-92326.90352705058,0.4635486328621011,-2.6052344458661527
BF,201707.0,23467.0,18533.0,-49590.67293578191,0.7897473047257851,-2.1132088863417526
BG,201707.0,120898.0,29125.3,-327756.1144056654,0.24090803818094592,-2.71101353542379
BM,201707.0,32856.0,9851.4,-112797.33084487372,0.29983564645726807,-3.433081654640666
BR,201707.0,77180.0,15423.5,-221089.22254348622,0.19983804094324956,-2.86459215526673
BT,201707.0,20670.0,26094.1,-44521.55533086779,1.2624141267537494,-2.1539213996549487
BU,201707.0,22524.0,25885.6,-29051.96095640738,1.1492452495116319,-1.289822454111498
BX,201707.0,12055.0,17461.5,-3272.9983286489405,1.448486105350477,-0.27150546069257075
CA,201707.0,508690.0,484841.29999999993,-543049.3879772547,0.9531174192533762,-1.0675448465219577
CD,201707.0,13815.0,12159.4,-37529.85358531225,0.8801592471950778,-2.7166017796100075
CF,201707.0,15853.0,-7445.599999999999,-73341.23840178229,-0.4696650476250552,-4.6263318237420235
CG,201707.0,8933.0,-8420.5,-41016.54314928261,-0.9426284562856823,-4.59157541131564
CI,201707.0,22270.0,18496.0,-35195.55634902255,0.8305343511450382,-1.5804021710382823
CT,201707.0,10008.0,-12810.600000000002,-54036.482096533604,-1.2800359712230218,-5.399328746656035
CU,201707.0,40503.0,41587.1,-57880.0290441109,1.0267659185739328,-1.4290306654843075
DA,201707.0,20727.0,23769.099999999995,-14356.64486586106,1.1467699136392142,-0.6926542609090105
DJ,201707.0,9852.0,10625.899999999998,-15054.037352162892,1.0785525781567191,-1.5280184076495018
DR,201707.0,7143.0,5973.4,-12224.128614026744,0.8362592748145037,-1.7113437790881625
EI,201707.0,159737.0,138048.2,-241926.0138763104,0.8642218146077616,-1.5145270906321666
EZ,201707.0,25565.0,32196.700000000004,-31332.860190396274,1.2594054371210641,-1.225615497375172
FI,201707.0,19060.0,29906.5,-11598.391774862177,1.5690713536201468,-0.6085200301606599
FJ,201707.0,26017.0,43228.2,4123.590273095409,1.6615366875504476,0.15849599389227848
GH,201707.0,137764.0,141267.90000000002,-96330.65187982652,1.0254340756656313,-0.6992440106256098
GM,201707.0,376085.0,291585.2,-878532.2503052328,0.7753172819974208,-2.3359938585831204
GR,201707.0,74138.0,32978.8,-170550.20864685578,0.44482991178612863,-2.3004425348249993
GT,201707.0,16558.0,-3562.7000000000003,-65172.318806620206,-0.21516487498490158,-3.936001860527854
GY,201707.0,19702.0,9817.7,-58184.14503849638,0.4983098162623084,-2.953210082148837
HA,201707.0,15913.0,15618.4,-29696.561427859568,0.9814868346634826,-1.866182456347613
HO,201707.0,9875.0,-1989.1999999999994,-33068.91179786939,-0.20143797468354424,-3.3487505618095583
HR,201707.0,16895.0,9470.599999999999,-25722.630033252837,0.5605563776265167,-1.5224995580498868
HU,201707.0,41452.0,41983.9,-70319.5647987016,1.0128317089645855,-1.6964094566897037
ID,201707.0,97857.0,46293.0,-217311.8204480726,0.4730678438946626,-2.220707976415306
IN,201707.0,995284.0,119104.9,-2595474.5449090605,0.11966926023125057,-2.6077728014406545
IS,201707.0,490752.0,-272538.1,-1719668.588272899,-0.5553479150365154,-3.504149933719881
IV,201707.0,9917.0,-178.9999999999999,-34455.56161976032,-0.01804981345164867,-3.474393629097542
JA,201707.0,202555.0,229921.90000000002,-205719.1689194864,1.1351084890523562,-1.0156212827108015
JE,201707.0,23629.0,7845.999999999998,-44700.10748389547,0.33204960006771334,-1.8917477457317478
JM,201707.0,40392.0,36230.8,-37182.581398416696,0.8969795999207765,-0.9205432114878366
JO,201707.0,79442.0,-10140.099999999999,-285297.1753365923,-0.1276415498099242,-3.591263756408352
KN,201707.0,182480.0,-52861.600000000006,-495047.7814457476,-0.28968434896975015,-2.7128878860464027
KS,201707.0,138222.0,101686.4,-219522.96920820934,0.7356744946535283,-1.5881912373443399
LE,201707.0,76239.0,-79436.69999999998,-337838.8383674874,-1.041943099988195,-4.43131256138574
LY,201707.0,58755.0,15538.5,-240895.65088805562,0.2644625989277508,-4.100002568088769
MO,201707.0,25832.0,-7046.599999999999,-91079.39697912824,-0.27278569216475684,-3.5258360552465255
MX,201707.0,136841.0,4920.099999999995,-375293.05880481855,0.03595486732777453,-2.7425483503103494
NI,201707.0,562697.0,256580.30000000002,-1097184.6856226977,0.45598306015493245,-1.9498676652313727
NL,201707.0,68419.0,60413.700000000004,-87105.66453220886,0.8829959514170042,-1.2731209829463872
NO,201707.0,32528.0,43929.4,-32247.59878301743,1.3505103295622234,-0.9913796969693013
NS,201707.0,1946.0,3394.1,-5488.801609744999,1.744141829393628,-2.8205558117908525
NZ,201707.0,118552.0,171142.2,-49469.42749971652,1.44360449423038,-0.41728041281223865
PE,201707.0,28250.0,10563.8,-87980.63012791517,0.37393982300884954,-3.114358588598767
PL,201707.0,132992.0,109335.3,-176666.00778850654,0.8221193756015399,-1.3283957515377356
PP,201707.0,11007.0,11996.3,-12519.683900544482,1.0898791678023076,-1.1374292632456147
RB,201707.0,10934.0,-650.2000000000005,-32990.80621390804,-0.05946588622644965,-3.0172678081130457
RM,201707.0,3526.0,2402.1000000000004,-5124.825733679474,0.6812535450935906,-1.4534389488597488
RP,201707.0,294925.0,-19657.899999999994,-831464.1227043417,-0.06665389505806558,-2.819239205575457
RS,201707.0,654493.0,435959.5,-1626333.147510154,0.6661026168347102,-2.4848747771330695
RW,201707.0,30870.0,28496.2,-29918.965059316055,0.9231033365727244,-0.9691922597770021
SA,201707.0,173056.0,56159.1,-537965.0127015773,0.32451403014053254,-3.1086180929963554
SP,201707.0,113875.0,68272.4,-157143.67766798046,0.5995380900109769,-1.3799664339668976
SU,201707.0,59892.0,28814.0,-225832.00805431578,0.48109931209510454,-3.7706539780657815
SW,201707.0,42120.0,23643.5,-91993.54886064012,0.5613366571699905,-2.1840823566153875
SY,201707.0,268267.0,-310455.7,-1133083.3639285273,-1.1572638453481048,-4.223715044819256
SZ,201707.0,67057.0,58699.399999999994,-109889.76948235155,0.8753657336295986,-1.6387516513168132
TK,201707.0,167.0,247.2,-199.159720190153,1.4802395209580839,-1.1925731747913353
TU,201707.0,264013.0,-25934.7,-925898.4742672741,-0.09823266278554466,-3.50701849631372
TW,201707.0,40078.0,41248.7,-40386.152322238515,1.0292105394480762,-1.0076888148669723
TZ,201707.0,38656.0,40994.799999999996,-68194.95775955945,1.0605028973509933,-1.7641493625713847
UP,201707.0,113319.0,46096.899999999994,-313761.8240939878,0.40678879975996957,-2.7688368596086077
UY,201707.0,5147.0,8106.9,-4868.292985103584,1.5750728579755195,-0.945850589684007
VE,201707.0,96487.0,-151911.6,-528132.9550973048,-1.5744255702840797,-5.473617742258592
VM,201707.0,96379.0,90115.9,-109313.13660475252,0.9350159267060251,-1.1342007761519888
WE,201707.0,32542.0,-84839.40000000001,-174937.9788764447,-2.6070739352221746,-5.37575990647301
WS,201707.0,8271.0,11316.1,-1561.2550256343238,1.3681658807882966,-0.18876254692713382
YM,201707.0,45937.0,-40053.9,-224165.47926133647,-0.8719311230598429,-4.879845859793553
ZI,201707.0,82967.0,19704.5,-187293.34521373163,0.23749804138995023,-2.257443865798831
BK,201707.0,3952.0,-5970.799999999999,-24291.834394818397,-1.5108299595141699,-6.146719229458096
CB,201707.0,37884.0,16734.600000000002,-95242.34923730826,0.4417326575863162,-2.5140520862978635
CM,201707.0,22381.0,-7774.800000000004,-86975.39779955958,-0.34738394173629433,-3.8861265269451577
GZ,201707.0,6669.0,-15041.7,-38761.85518483461,-2.2554655870445344,-5.812243992327877
KU,201707.0,45641.0,69662.2,-126920.01531671686,1.5263074866895991,-2.7808333585310763
MY,201707.0,134327.0,89186.79999999999,-248362.65769931846,0.6639528910792319,-1.8489407021620259
NU,201707.0,5724.0,4475.5999999999985,-7852.005186098326,0.7819007686932212,-1.371768900436465
OD,201707.0,26126.0,-8489.2,-104566.00188508217,-0.32493301691801274,-4.002373187058186
PO,201707.0,26507.0,12155.799999999997,-52536.41573233987,0.4585882974308672,-1.9819827114475372
QA,201707.0,150168.0,175040.3,-409039.0988945497,1.1656298279260562,-2.7238765841893726
SO,201707.0,61910.0,-75204.2,-244291.959951185,-1.214734291713778,-3.9459208520624296
TD,201707.0,22018.0,12671.8,-46556.4234371863,0.5755200290671268,-2.114471043563734
UG,201707.0,60407.0,54670.8,-125557.44860337256,0.9050408065290447,-2.0785248167161514
ZA,201707.0,36194.0,37250.3,-52199.92779018998,1.029184395203625,-1.4422259985132888
AE,201707.0,72586.0,63287.9,-83135.76248269028,0.8719022952084424,-1.1453415601175196
AL,201707.0,12281.0,742.0999999999988,-22407.296717201294,0.06042667535216992,-1.824549850761444
BN,201707.0,9382.0,4560.499999999999,-10989.421036548636,0.48609038584523545,-1.1713303172616325
CE,201707.0,81623.0,73125.9,-157740.50141248814,0.8958982149639194,-1.9325496663010198
EC,201707.0,10416.0,20048.699999999997,-16120.498106309438,1.924798387096774,-1.5476668688853148
ES,201707.0,15867.0,300.7000000000007,-68338.18774405611,0.01895128253608122,-4.306938157437203
MI,201707.0,26721.0,28098.100000000002,-40200.760032362625,1.0515362449010142,-1.5044631575301308
ML,201707.0,17546.0,20590.500000000004,-40062.59900558687,1.1735153311296025,-2.2832895819894485
RQ,201707.0,8902.0,10336.199999999999,-13185.516209799065,1.1611098629521455,-1.4811858245112408
SF,201707.0,235016.0,109789.20000000001,-468392.2265015536,0.4671562787214488,-1.9930227154813018
SN,201707.0,66245.0,85316.9,-33298.98091044363,1.2878994641104988,-0.5026640638605725
CS,201707.0,10851.0,9315.5,-5301.825880269783,0.8584923048566953,-0.48860251407886673
EN,201707.0,20104.0,40586.5,-8842.401188406562,2.0188270990847594,-0.4398329281937208
LG,201707.0,14110.0,17762.0,-14911.867648595422,1.2588235294117647,-1.0568297412186691
NP,201707.0,36877.0,27099.199999999997,-69166.79996580591,0.7348537028500148,-1.8756081016841368
OS,201707.0,7478.0,9242.300000000001,-11918.632913651452,1.2359320673977001,-1.5938262789049815
PM,201707.0,36600.0,15367.899999999998,-86657.34811054113,0.41988797814207646,-2.367687106845386
BO,201707.0,33177.0,57927.9,-17914.06917197025,1.7460258612894475,-0.5399544615839362
NG,201707.0,14080.0,3907.3999999999987,-55012.76639536095,0.27751420454545445,-3.9071567042159767
AA,201707.0,873.0,1131.3000000000002,272.6110837542759,1.295876288659794,0.31226928265094606
BH,201707.0,17561.0,9117.4,-25277.75173735879,0.5191845566881157,-1.4394255302863612
KZ,201707.0,22095.0,47114.5,-7747.4529441111,2.1323602625028286,-0.3506428125870604
MN,201707.0,4069.0,6251.499999999999,3086.727306810953,1.536372573113787,0.7585960449277348
MU,201707.0,17148.0,38707.0,8562.650860528069,2.2572311639841383,0.499338165414513
AR,201707.0,23207.0,13818.699999999999,-39358.12384808886,0.595453957857543,-1.695959143710469
AY,201707.0,4255.0,869.0000000000002,-5866.036623268373,0.2042303172737956,-1.3786220031183014
BL,201707.0,6531.0,8544.8,-9934.78231268404,1.3083448170264889,-1.5211732219696892
CJ,201707.0,4909.0,4962.4,-4419.476021081457,1.0108779792218374,-0.9002803057815149
LH,201707.0,11953.0,12627.5,-20781.387569702893,1.0564293482807663,-1.738591781954563
LU,201707.0,8857.0,10489.1,-2579.433884568177,1.1842723269730158,-0.291231103598078
MB,201707.0,230.0,56.300000000000004,99.5298820705015,0.2447826086956522,0.4327386176978326
MK,201707.0,7951.0,11211.900000000001,-6739.400534453148,1.4101245126399198,-0.8476167192118158
MT,201707.0,27832.0,29539.3,474.18369360587474,1.0613430583501007,0.01703735605080033
RO,201707.0,35986.0,46146.2,-36083.41613858615,1.2823375757238926,-1.0027070565938463
SE,201707.0,3921.0,8135.4,4974.667753898624,2.0748278500382553,1.2687242422592768
TI,201707.0,10439.0,19076.800000000003,-8894.372338347808,1.8274547370437784,-0.8520329857599204
CY,201707.0,26302.0,24383.799999999996,-31560.30318717874,0.9270701847768229,-1.199920279339166
ST,201707.0,4034.0,6007.599999999999,-1339.7517954782961,1.4892414476945959,-0.33211497161088155
WA,201707.0,15096.0,19128.4,-19118.79491152997,1.2671171171171172,-1.266480849995361
SG,201707.0,9144.0,10577.7,-11125.3566053457,1.1567913385826774,-1.2166837932355314
VT,201707.0,9471.0,4195.3,-11198.914798561242,0.442962728328582,-1.182442698612738
BB,201707.0,16298.0,25911.699999999997,-13241.638055461472,1.5898699226899005,-0.8124701224359719
ER,201707.0,7104.0,3420.2999999999993,-18260.8240224974,0.48146114864864853,-2.5704988770407375
LT,201707.0,6072.0,6470.2,-8715.39960585575,1.0655797101449276,-1.4353424910829626
MG,201707.0,7794.0,12963.8,4079.0459551439676,1.6633051064921733,0.5233571920892953
RI,201707.0,11569.0,16436.8,-19705.058608238003,1.4207623822283688,-1.703263774590544
SI,201707.0,6172.0,14345.099999999999,-1218.7984544672645,2.3242222942320154,-0.1974722058436916
GJ,201707.0,8040.0,15343.8,-5611.155075434555,1.9084328358208955,-0.697904860128676
LO,201707.0,6577.0,6735.799999999999,-9568.614268082643,1.024144746845066,-1.4548600073107258
TN,201707.0,2730.0,3397.4000000000005,-867.811942783155,1.2444688644688646,-0.3178798325213022
GV,201707.0,5806.0,8757.3,-1968.162812952108,1.5083189803651393,-0.3389877390547895
MJ,201707.0,3959.0,1170.5999999999995,-5935.2594490728425,0.29568072745642826,-1.4991814723598995
NH,201707.0,2824.0,6817.1,2247.6650273367923,2.413987252124646,0.7959153779521219
TS,201707.0,13396.0,334.7999999999988,-33358.1329080708,0.02499253508509994,-2.49015623380642
BY,201707.0,16524.0,-9273.199999999999,-81513.97561828162,-0.561195836359235,-4.933065578448415
LA,201707.0,8663.0,13777.4,6372.560569999612,1.590372850051945,0.7356066685905128
MC,201707.0,2728.0,922.8000000000001,-5279.038172651187,0.33826979472140767,-1.9351312949601125
SL,201707.0,11568.0,14895.900000000001,-6350.716973166715,1.2876815352697097,-0.5489900564632361
WZ,201707.0,6253.0,8591.0,-2934.4142409295,1.3739005277466816,-0.46928102365736446
FM,201707.0,988.0,1462.6,-2113.7778556529174,1.4803643724696356,-2.1394512709037627
PA,201707.0,4074.0,1627.1000000000008,-7947.8737730829125,0.3993863524791362,-1.950877214796984
AC,201707.0,3182.0,5621.500000000001,-2742.7798481176974,1.766656191074796,-0.8619672684216523
GK,201707.0,2981.0,4222.1,-3558.4845856062566,1.4163367997316338,-1.1937217663892172
MV,201707.0,9696.0,7770.2,-16559.22077520325,0.8013820132013201,-1.7078404264854836
MP,201707.0,7688.0,2526.2000000000003,-9264.80661908749,0.3285900104058273,-1.2050997163225143
PU,201707.0,889.0,1415.3999999999996,356.751085232592,1.5921259842519682,0.40129480903553655
VC,201707.0,1676.0,1587.4,-1303.0906294269505,0.9471360381861575,-0.777500375553073
BC,201707.0,15339.0,22039.2,-15447.966084925662,1.4368081361236065,-1.0071038584605034
BD,201707.0,6674.0,10781.4,-357.6223666653501,1.6154330236739587,-0.05358441214644143
GQ,201707.0,9927.0,6186.0,-20753.10344701438,0.6231489876095497,-2.0905715167738874
TV,201707.0,522.0,2048.3999999999996,1085.3037943452803,3.924137931034482,2.0791260428070504
OC,201707.0,1112.0,1149.4,-694.9225446045027,1.0336330935251798,-0.6249303458673585
MH,201707.0,794.0,1913.1,1161.8228513064698,2.409445843828715,1.463252961343161
MA,201707.0,3541.0,4476.200000000001,-2257.9061137991125,1.2641061846935895,-0.6376464597003989
UZ,201707.0,9646.0,15363.500000000002,-7630.219692165661,1.5927327389591543,-0.7910242268469481
DO,201707.0,1842.0,3865.0000000000005,-1482.3094477467155,2.0982627578718787,-0.8047282561057088
EK,201707.0,2073.0,1164.5,-3337.879271986486,0.5617462614568258,-1.6101684862452899
GL,201707.0,2754.0,4320.5,-2464.719946243869,1.5688090050835148,-0.8949600385780206
LI,201707.0,26557.0,40998.200000000004,8673.522883377425,1.5437813005987124,0.32660025166161183
MZ,201707.0,8363.0,12550.800000000001,-11023.120308568607,1.5007533181872534,-1.3180820648772698
GB,201707.0,1889.0,3940.1000000000004,-2500.68558405538,2.085812599258867,-1.323814496588343
IC,201707.0,9363.0,13712.3,-2253.647403804472,1.4645199188294349,-0.2406971487562183
RE,201707.0,985.0,1713.6,1182.5336397035887,1.7396954314720812,1.2005417661965367
NC,201707.0,1953.0,3696.4999999999995,447.3965232927393,1.8927291346646182,0.22908168115347635
BP,201707.0,3156.0,5478.8,90.93889757505355,1.7359949302915083,0.028814606329231163
GG,201707.0,9932.0,11388.0,-9913.368748612707,1.1465968586387434,-0.9981241188695839
KG,201707.0,12042.0,20256.6,-4485.704617751534,1.6821624314897856,-0.3725049508180978
TL,201707.0,150.0,432.40000000000003,-94.20822263440081,2.8826666666666667,-0.6280548175626721
TX,201707.0,7244.0,16254.5,5036.973275049301,2.24385698509111,0.695330380321549
GI,201707.0,4767.0,6440.300000000001,-1546.957244103039,1.3510174113698346,-0.32451379150472814
KV,201707.0,4084.0,2427.4999999999995,-5704.271251226224,0.5943927522037217,-1.3967363494677336
MD,201707.0,13131.0,18513.2,-13913.296344755061,1.4098850049501181,-1.0595762961507167
NR,201707.0,2501.0,3692.2,-7386.49546317394,1.4762894842063174,-2.953416818542159
WI,201707.0,1139.0,1425.8000000000002,-4322.791851927584,1.2517998244073751,-3.795251845414911
TO,201707.0,1852.0,3111.0,-799.9071695832756,1.679805615550756,-0.43191531834950087
UV,201707.0,5471.0,9389.2,-11346.662882657023,1.7161762017912632,-2.0739650672010645
FO,201707.0,167.0,114.29999999999995,67.72663222799567,0.6844311377245507,0.40554869597602194
YI,201707.0,301.0,-355.40000000000003,-1196.0306519214214,-1.1807308970099668,-3.973523760536284
MR,201707.0,3056.0,4560.6,-5017.276391822168,1.4923429319371728,-1.6417789240255785
VQ,201707.0,4295.0,3396.1,-6632.203690551551,0.7907101280558789,-1.5441684960539117
HQ,201707.0,283.0,-383.90000000000003,-539.6402084306759,-1.3565371024734985,-1.9068558601790668
KR,201707.0,1395.0,316.2,-1203.9409388194001,0.22666666666666666,-0.8630400995121148
SM,201707.0,301.0,587.9000000000001,-603.2294583637372,1.9531561461794023,-2.004084579281519
VI,201707.0,1362.0,283.4000000000001,-2503.4653331123322,0.2080763582966227,-1.8380802739444437
CV,201707.0,475.0,977.3,312.48283710655755,2.0574736842105263,0.657858604434858
RN,201707.0,145.0,261.0,-344.6180320937931,1.8,-2.3766760834054694
FP,201707.0,1012.0,-1071.9,615.9327731748712,-1.0591897233201581,0.6086292225048134
GP,201707.0,154.0,128.99999999999997,-132.09319540643156,0.8376623376623374,-0.8577480221196855
TT,201707.0,2291.0,2376.6,-496.31321482274194,1.0373635966826713,-0.21663606059482407
AV,201707.0,982.0,2161.9,2956.275464191508,2.2015274949083503,3.0104638128223096
FG,201707.0,231.0,759.6,-110.45818959814848,3.2883116883116883,-0.4781739809443657
SC,201707.0,718.0,1193.2,829.163113065157,1.6618384401114206,1.1548232772495222
PF,201707.0,205.0,-111.9,-641.9468805853938,-0.5458536585365854,-3.131448197977531
PG,201707.0,122.0,-215.10000000000002,-326.42973762870173,-1.763114754098361,-2.675653587120506
NE,201707.0,182.0,437.79999999999995,528.0345632527229,2.4054945054945054,2.9012888090808953
CW,201707.0,1607.0,3143.3999999999996,2280.2901719608503,1.9560672059738642,1.4189733490733356
FK,201707.0,96.0,219.4,-132.08875596837208,2.285416666666667,-1.3759245413372092
CN,201707.0,497.0,429.0,154.50985558353625,0.8631790744466801,0.3108850212948415
KT,201707.0,179.0,83.79999999999998,-575.8558356845764,0.4681564245810055,-3.2170717077350637
IM,201707.0,283.0,155.0,-242.81297108855105,0.5477031802120141,-0.8579963642704984
AN,201707.0,182.0,319.6,-203.58055778051286,1.7560439560439562,-1.1185744932995212
PS,201707.0,727.0,959.4999999999999,-260.4583231892969,1.3198074277854195,-0.3582645435891291
PC,201707.0,148.0,246.50000000000006,-163.57891508707706,1.665540540540541,-1.1052629397775477
CQ,201707.0,103.0,320.20000000000005,68.60960753444766,3.1087378640776704,0.6661126945092006
LS,201707.0,438.0,336.09999999999997,155.3860859464107,0.767351598173516,0.35476275330230755
IO,201707.0,40.0,6.799999999999997,-61.27201275898683,0.16999999999999993,-1.5318003189746707
TP,201707.0,38.0,104.29999999999998,84.89604586110339,2.744736842105263,2.2341064700290367
SB,201707.0,7.0,-27.0,-28.17017379397091,-3.857142857142857,-4.0243105419958445
SV,201707.0,278.0,437.29999999999995,-425.1590577197572,1.5730215827338128,-1.5293491284883352
JQ,201707.0,30.0,-134.0,-223.1187929717343,-4.466666666666667,-7.43729309905781
NT,201707.0,83.0,252.9,-42.57150367285449,3.046987951807229,-0.5129096828054758
MF,201707.0,15.0,-22.0,-79.31034482758619,-1.4666666666666666,-5.28735632183908
LQ,201707.0,2.0,-7.2,-13.39130434782608,-3.6,-6.69565217391304
SH,201707.0,36.0,-13.000000000000007,34.478226087412736,-0.3611111111111113,0.9577285024281316
WQ,201707.0,15.0,-22.0,-20.76942583738013,-1.4666666666666666,-1.3846283891586753
NF,201707.0,37.0,55.599999999999994,-74.18802447117676,1.5027027027027025,-2.005081742464237
